SampleID	BarcodeSequence	ProjectName	SampleID_New
18-DDPre100OF68518	CTACAGGGTCTC	sRosales_DEPCPROfavSCTLD	18-DDPre100OF68518
25-DDPre100OF55925	AGCCTTCGTCGC	sRosales_DEPCPROfavSCTLD	25-DDPre100OF55925
30-DHPre050OF41630	CGTATAAATGCG	sRosales_DEPCPROfavSCTLD	30-DHPre050OF41630
38-DDPre100OF65638	GTTCATTAAACT	sRosales_DEPCPROfavSCTLD	38-DDPre100OF65638
41-DDPre100157141	TTCGATGCCGCA	sRosales_DEPCPROfavSCTLD	41-DDPre100157141
43-DDPre100OF45343	TCGTTATTCAGT	sRosales_DEPCPROfavSCTLD	43-DDPre100OF45343
45-DHPre050OF35445	TGACTAATGGCC	sRosales_DEPCPROfavSCTLD	45-DHPre050OF35445
51-DDPre100OF70051	ACTCTGTAATTA	sRosales_DEPCPROfavSCTLD	51-DDPre100OF70051
57-DDPre100S56457	GTGGAGTCTCAT	sRosales_DEPCPROfavSCTLD	57-DDPre100S56457
61-DDPre067OF13261	TGATGTGCTAAG	sRosales_DEPCPROfavSCTLD	61-DDPre067OF13261
63-DDPre100OF7663	ATATGTTCTCAA	sRosales_DEPCPROfavSCTLD	63-DDPre100OF7663
64-DDPre100OF64964	TCAGACCAACTG	sRosales_DEPCPROfavSCTLD	64-DDPre100OF64964
67-DDPre100OF69367	TCATTAGCGTGG	sRosales_DEPCPROfavSCTLD	67-DDPre100OF69367
87-CCPre100OF67987	CTTGGAGGCTTA	sRosales_DEPCPROfavSCTLD	87-CCPre100OF67987
95-CCPre100OF69695	GTGCCGGCCGAC	sRosales_DEPCPROfavSCTLD	95-CCPre100OF69695
107-CCPre067OF5107	TGTGCACGCCAT	sRosales_DEPCPROfavSCTLD	107-CCPre067OF5107
119-CCPre100OF655119	AGAGGGTGATCG	sRosales_DEPCPROfavSCTLD	119-CCPre100OF655119
120-CCPre100OF263120	GGATACTCGCAT	sRosales_DEPCPROfavSCTLD	120-CCPre100OF263120
138-CCPre100OF23138	TCATGGCCTCCG	sRosales_DEPCPROfavSCTLD	138-CCPre100OF23138
140-CCPre10015358140	ATGTGCTGCTCG	sRosales_DEPCPROfavSCTLD	140-CCPre10015358140
141-CCPre100OF8141	GGTGAGCAAGCA	sRosales_DEPCPROfavSCTLD	141-CCPre100OF8141
148-CCPre100S227148	CCACGAGCAGGC	sRosales_DEPCPROfavSCTLD	148-CCPre100S227148
159-MainFragNANA110OFAVFdiseased159	TACTAACGCGGT	sRosales_DEPCPROfavSCTLD	159-MainFragNANA110OFAVFdiseased159
161-MainFragNANA110OFAVHdiseased161	GTCGTCCAAATG	sRosales_DEPCPROfavSCTLD	161-MainFragNANA110OFAVHdiseased161
173-DDEarly100S227173	CTATGTATTAGT	sRosales_DEPCPROfavSCTLD	173-DDEarly100S227173
174-DDEarly100OF687174	CGCCGTACTTGC	sRosales_DEPCPROfavSCTLD	174-DDEarly100OF687174
175-DHEarly01OF4175	TCCATACCGGAA	sRosales_DEPCPROfavSCTLD	175-DHEarly01OF4175
179-DDEarly10015350179	TATCATATTACG	sRosales_DEPCPROfavSCTLD	179-DDEarly10015350179
181-DDEarly100OF679181	ATGCTGCAACAC	sRosales_DEPCPROfavSCTLD	181-DDEarly100OF679181
192-DDInitial10015155192	CCTTGACCGATG	sRosales_DEPCPROfavSCTLD	192-DDInitial10015155192
205-DDEarly100OF75205	CGGGACACCCGA	sRosales_DEPCPROfavSCTLD	205-DDEarly100OF75205
206-DDEarly1001510206	ACCTTACACCTT	sRosales_DEPCPROfavSCTLD	206-DDEarly1001510206
208-DDEarly10015431208	AGCTCTAGAAAC	sRosales_DEPCPROfavSCTLD	208-DDEarly10015431208
215-DDEarly033OF393215	GTAGTAGACCAT	sRosales_DEPCPROfavSCTLD	215-DDEarly033OF393215
218-DDEarly100OF125218	AATGTTCAACTT	sRosales_DEPCPROfavSCTLD	218-DDEarly100OF125218
221-DHEarly050OF566221	CCGGACAAGAAG	sRosales_DEPCPROfavSCTLD	221-DHEarly050OF566221
228-DDEarly100OF649228	CAATCATAGGTG	sRosales_DEPCPROfavSCTLD	228-DDEarly100OF649228
238-DDEarly100OF759238	CCGATAAAGGTT	sRosales_DEPCPROfavSCTLD	238-DDEarly100OF759238
248-CCInitial100S373248	GCGTGCCCGGCC	sRosales_DEPCPROfavSCTLD	248-CCInitial100S373248
253-CCInitial10015155253	TAAACCTGGACA	sRosales_DEPCPROfavSCTLD	253-CCInitial10015155253
265-CCInitial100OF696265	TAAATATACCCT	sRosales_DEPCPROfavSCTLD	265-CCInitial100OF696265
272-CCEarly100S335272	ACTCCCGTGTGA	sRosales_DEPCPROfavSCTLD	272-CCEarly100S335272
279-CCEarly100OF554279	CTATATTATCCG	sRosales_DEPCPROfavSCTLD	279-CCEarly100OF554279
283-CCEarly100OF759283	AGCCCTGCTACA	sRosales_DEPCPROfavSCTLD	283-CCEarly100OF759283
288-CCEarly100OF685288	ACTCGCTCGCTG	sRosales_DEPCPROfavSCTLD	288-CCEarly100OF685288
311-CCEarly100OF755311	CAAACTGCGTTG	sRosales_DEPCPROfavSCTLD	311-CCEarly100OF755311
329-CCInitial100OF662329	CTGACACGAATA	sRosales_DEPCPROfavSCTLD	329-CCInitial100OF662329
334-CCInitial100OF608334	CTGTCTATACTA	sRosales_DEPCPROfavSCTLD	334-CCInitial100OF608334
336-CCInitial100OF11336	TAATCTCGCCGG	sRosales_DEPCPROfavSCTLD	336-CCInitial100OF11336
375-CCFinal100OF662375	GTTGGACGAAGG	sRosales_DEPCPROfavSCTLD	375-CCFinal100OF662375
380-CCFinal100OF677380	CAGGAACCAGGA	sRosales_DEPCPROfavSCTLD	380-CCFinal100OF677380
384-CCFinal100OF58384	CAAAGGAGCCCG	sRosales_DEPCPROfavSCTLD	384-CCFinal100OF58384
385-CCFinal100OF453385	CCAACCCAGATC	sRosales_DEPCPROfavSCTLD	385-CCFinal100OF453385
386-CCFinal100S564386	AGTAAAGATCGT	sRosales_DEPCPROfavSCTLD	386-CCFinal100S564386
393-CCFinal100OF679393	ACCGAACAATCC	sRosales_DEPCPROfavSCTLD	393-CCFinal100OF679393
397-CCInitial100S483397	TCGAGAGTTTGC	sRosales_DEPCPROfavSCTLD	397-CCInitial100S483397
402-DDInitial100OF655402	GCTGCCCACCTA	sRosales_DEPCPROfavSCTLD	402-DDInitial100OF655402
415-DHInitial050OF416415	TTGCTGGACGCT	sRosales_DEPCPROfavSCTLD	415-DHInitial050OF416415
416-DDInitial10015431416	GCATATGCACTG	sRosales_DEPCPROfavSCTLD	416-DDInitial10015431416
418-DDFinal1001510418	TTGCGGACCCTA	sRosales_DEPCPROfavSCTLD	418-DDFinal1001510418
425-DDFinal100S335425	GTCACTCCGAAC	sRosales_DEPCPROfavSCTLD	425-DDFinal100S335425
427-DDFinal100OF700427	GCATAAACGACT	sRosales_DEPCPROfavSCTLD	427-DDFinal100OF700427
433-DDFinal100OF687433	CGGTATAGCAAT	sRosales_DEPCPROfavSCTLD	433-DDFinal100OF687433
435-DDFinal100OF608435	CCTAACGGTCCA	sRosales_DEPCPROfavSCTLD	435-DDFinal100OF608435
436-DDFinal100OF76436	TTCCTTAGTAGT	sRosales_DEPCPROfavSCTLD	436-DDFinal100OF76436
449-CCInitial100OF263449	TGCGGCGTCAGG	sRosales_DEPCPROfavSCTLD	449-CCInitial100OF263449
459-DDInitial100F7459	TTAAGTTAAGTT	sRosales_DEPCPROfavSCTLD	459-DDInitial100F7459
469-CCFinal1001571469	TATGCCAGAGAT	sRosales_DEPCPROfavSCTLD	469-CCFinal1001571469
490-DDFinal100S509490	ACGGTACCCTAC	sRosales_DEPCPROfavSCTLD	490-DDFinal100S509490
507-DHFinal0OF232507	ATCTAGTGGCAA	sRosales_DEPCPROfavSCTLD	507-DHFinal0OF232507
509-DHFinal0OF22509	CTCGCCCTCGCC	sRosales_DEPCPROfavSCTLD	509-DHFinal0OF22509
524-CCInitial100F32524	AGCAGTGCGGTG	sRosales_DEPCPROfavSCTLD	524-CCInitial100F32524
528-DHPre0AE10528	GACTCTGCTCAG	sRosales_DEPCPROfavSCTLD	528-DHPre0AE10528
566-DDPre100OF99566	CGACACGGAGAA	sRosales_DEPCPROfavSCTLD	566-DDPre100OF99566
592-DDPre100S331592	CGCGCCTTAAAC	sRosales_DEPCPROfavSCTLD	592-DDPre100S331592
622-CCPre100OF700622	GCGTTTGCTAGC	sRosales_DEPCPROfavSCTLD	622-CCPre100OF700622
627-CCPre100F32627	CCGGCGACAGAA	sRosales_DEPCPROfavSCTLD	627-CCPre100F32627
631-CCPre100UK36631	CGTTCTGGTGGT	sRosales_DEPCPROfavSCTLD	631-CCPre100UK36631
634-CCPre100OF602634	ATCGTAGTGGTC	sRosales_DEPCPROfavSCTLD	634-CCPre100OF602634
646-CCPre100OF101646	CGTCCGTATGAA	sRosales_DEPCPROfavSCTLD	646-CCPre100OF101646
647-CCPre100OF457647	CGCTGTGGATTA	sRosales_DEPCPROfavSCTLD	647-CCPre100OF457647
650-CCPre10015358650	CGTTTGGAATGA	sRosales_DEPCPROfavSCTLD	650-CCPre10015358650
651-CCPre100F1A651	ACGCTTAACGAC	sRosales_DEPCPROfavSCTLD	651-CCPre100F1A651
653-CCPre0OF56653	TCTCTTTCGACA	sRosales_DEPCPROfavSCTLD	653-CCPre0OF56653
654-CCPre100OF554654	AGCCGCGGGTCC	sRosales_DEPCPROfavSCTLD	654-CCPre100OF554654
660-CCPre100OF125660	TGAGTCATTGAG	sRosales_DEPCPROfavSCTLD	660-CCPre100OF125660
667-CCPre100OF705667	GCGATCACACCT	sRosales_DEPCPROfavSCTLD	667-CCPre100OF705667
678-CCPre10015111678	TCCACAGGGTTC	sRosales_DEPCPROfavSCTLD	678-CCPre10015111678
705-CCInitial100OF201705	TGCACAGTCGCT	sRosales_DEPCPROfavSCTLD	705-CCInitial100OF201705
715-DDInitial100OF649715	AGATCGTGCCTA	sRosales_DEPCPROfavSCTLD	715-DDInitial100OF649715
725-CCEarly100S378725	CCTCACTAGCGA	sRosales_DEPCPROfavSCTLD	725-CCEarly100S378725
728-CCEarly033GB26728	GTCATGCTCCAG	sRosales_DEPCPROfavSCTLD	728-CCEarly033GB26728
732-CCEarly100OF656732	TATGGTACCCAG	sRosales_DEPCPROfavSCTLD	732-CCEarly100OF656732
751-CCEarly067OF3751	ACGTGAGGAACG	sRosales_DEPCPROfavSCTLD	751-CCEarly067OF3751
758-CCEarly050S439758	AAGAACTCATGA	sRosales_DEPCPROfavSCTLD	758-CCEarly050S439758
762-CCEarly100OF464762	TAGTTCGGTGAC	sRosales_DEPCPROfavSCTLD	762-CCEarly100OF464762
763-CCEarly100OF649763	ACTAAAGCAAAC	sRosales_DEPCPROfavSCTLD	763-CCEarly100OF649763
766-CCEarly100F1A766	TACGGATTATGG	sRosales_DEPCPROfavSCTLD	766-CCEarly100F1A766
777-CCEarly100OF61777	ACATACTGAGCA	sRosales_DEPCPROfavSCTLD	777-CCEarly100OF61777
788-CCEarly100OF745788	CTTGCTCATAAT	sRosales_DEPCPROfavSCTLD	788-CCEarly100OF745788
798-CCEarly050OF416798	CAAACGCACTAA	sRosales_DEPCPROfavSCTLD	798-CCEarly050OF416798
804-DDEarly100S503804	TTACTGTGGCCG	sRosales_DEPCPROfavSCTLD	804-DDEarly100S503804
813-DDEarly100OF23813	GGTAGTTCATAG	sRosales_DEPCPROfavSCTLD	813-DDEarly100OF23813
841-DDEarly100OF99841	ACCTACTTGTCT	sRosales_DEPCPROfavSCTLD	841-DDEarly100OF99841
846-CCFinal100OF700846	GGAGAACGACAC	sRosales_DEPCPROfavSCTLD	846-CCFinal100OF700846
852-DDFinal100OF649852	AATTAATATGTA	sRosales_DEPCPROfavSCTLD	852-DDFinal100OF649852
855-DDEarly10015350855	TACCGAAGGTAT	sRosales_DEPCPROfavSCTLD	855-DDEarly10015350855
880-CCFinal100S483880	CTAATCAGAGTG	sRosales_DEPCPROfavSCTLD	880-CCFinal100S483880
889-DDFinal100OF705889	TTAATGGATCGG	sRosales_DEPCPROfavSCTLD	889-DDFinal100OF705889
890-DDFinal100OF464890	TACAATATCTGT	sRosales_DEPCPROfavSCTLD	890-DDFinal100OF464890
892-DDFinal100S378892	TAGGAACTCACC	sRosales_DEPCPROfavSCTLD	892-DDFinal100S378892
896-CCFinal10015353896	GGTTGCCCTGTA	sRosales_DEPCPROfavSCTLD	896-CCFinal10015353896
905-CCFinal100OF125905	ACGACAACGGGC	sRosales_DEPCPROfavSCTLD	905-CCFinal100OF125905
908-CCFinal100OF655908	CGATGAATATCG	sRosales_DEPCPROfavSCTLD	908-CCFinal100OF655908
927-DDFinal100OF98927	ACTGTGACGTCC	sRosales_DEPCPROfavSCTLD	927-DDFinal100OF98927
936-DDInitial100F32936	CCTACCATTGTT	sRosales_DEPCPROfavSCTLD	936-DDInitial100F32936
939-CCFinal100S503939	CATTTCGCACTT	sRosales_DEPCPROfavSCTLD	939-CCFinal100S503939
943-CCFinal100OF99943	CTACTCCACGAG	sRosales_DEPCPROfavSCTLD	943-CCFinal100OF99943
952-DDFinal100OF680952	TGATATCGTCTT	sRosales_DEPCPROfavSCTLD	952-DDFinal100OF680952
966-CCFinal10015350966	ATACATGCAAGA	sRosales_DEPCPROfavSCTLD	966-CCFinal10015350966
967-CCFinal100F1A967	GTTGATACGATG	sRosales_DEPCPROfavSCTLD	967-CCFinal100F1A967
968-CCFinal100S509968	GAAGAGGGTTGA	sRosales_DEPCPROfavSCTLD	968-CCFinal100S509968
985-ExperimentalFragNANA110M2AE23985	GGTTCATGAACA	sRosales_DEPCPROfavSCTLD	985-ExperimentalFragNANA110M2AE23985
999-CCFinal100OF46999	TCAAGTCCGCAC	sRosales_DEPCPROfavSCTLD	999-CCFinal100OF46999
1003-DDFinal100OF2001003	TGAGTATGAGTA	sRosales_DEPCPROfavSCTLD	1003-DDFinal100OF2001003
1012-CCFinal100OF6561012	GTCCGTCCTGGT	sRosales_DEPCPROfavSCTLD	1012-CCFinal100OF6561012
1016-DDFinal100OF611016	CTAGCGTGCGTT	sRosales_DEPCPROfavSCTLD	1016-DDFinal100OF611016
1026-CCInitial033GB81026	AATTTAGGTAGG	sRosales_DEPCPROfavSCTLD	1026-CCInitial033GB81026
1036-DHFinal050GB51036	CATATAGCCCGA	sRosales_DEPCPROfavSCTLD	1036-DHFinal050GB51036
1051-DDPre100OF611051	CGGTGACCTACT	sRosales_DEPCPROfavSCTLD	1051-DDPre100OF611051
1076-DDPre100F1A1076	GTTCTAAGGTGA	sRosales_DEPCPROfavSCTLD	1076-DDPre100F1A1076
1086-DDPre100OF111086	CTCTGAGGTAAC	sRosales_DEPCPROfavSCTLD	1086-DDPre100OF111086
1093-DHPre067GB41093	CTTAGTGCAGAA	sRosales_DEPCPROfavSCTLD	1093-DHPre067GB41093
1094-DDPre067OF6541094	GTCAACGCTGTC	sRosales_DEPCPROfavSCTLD	1094-DDPre067OF6541094
1108-ExperimentalFragNANA100OF7001108	TCCGGCGGGCAA	sRosales_DEPCPROfavSCTLD	1108-ExperimentalFragNANA100OF7001108
1113-CCPre100OF751113	ACATGATATTCT	sRosales_DEPCPROfavSCTLD	1113-CCPre100OF751113
1115-CCPre100OF211115	TAAGGCATCGCT	sRosales_DEPCPROfavSCTLD	1115-CCPre100OF211115
1118-CCPre100OF991118	CACACAAAGTCA	sRosales_DEPCPROfavSCTLD	1118-CCPre100OF991118
1123-CCPre100S3781123	TGAGTGGTCTGT	sRosales_DEPCPROfavSCTLD	1123-CCPre100S3781123
1127-CCPre100OF6801127	CGAGGCGAGTCA	sRosales_DEPCPROfavSCTLD	1127-CCPre100OF6801127
1129-ExperimentalFragNANA100OF1001129	TAACAATAATTC	sRosales_DEPCPROfavSCTLD	1129-ExperimentalFragNANA100OF1001129
1134-ExperimentalFragNANA100OF11134	AATGGTTCAGCA	sRosales_DEPCPROfavSCTLD	1134-ExperimentalFragNANA100OF11134
1162-CCPre067GB241162	GACTCAACCAGT	sRosales_DEPCPROfavSCTLD	1162-CCPre067GB241162
1174-DDPre100UK251174	TAGTCTAAGGGT	sRosales_DEPCPROfavSCTLD	1174-DDPre100UK251174
1176-CCPre100UK251176	ATGACTAAGATG	sRosales_DEPCPROfavSCTLD	1176-CCPre100UK251176
1195-CCFinal100OF1001195	GCCTATGAGATC	sRosales_DEPCPROfavSCTLD	1195-CCFinal100OF1001195
1198-CCInitial050OF3541198	AATGCGCGTATA	sRosales_DEPCPROfavSCTLD	1198-CCInitial050OF3541198
1206-DDInitial100OF111206	CATGTCTTCCAT	sRosales_DEPCPROfavSCTLD	1206-DDInitial100OF111206
1211-DDInitial100OF6621211	TAATCCATAATC	sRosales_DEPCPROfavSCTLD	1211-DDInitial100OF6621211
1233-CCEarly100S591233	GCAACGAACGAG	sRosales_DEPCPROfavSCTLD	1233-CCEarly100S591233
1252-CCEarly100151111252	AGCGCGGCGAAT	sRosales_DEPCPROfavSCTLD	1252-CCEarly100151111252
1254-CCInitial100OF1251254	GTCAGGTGCGGC	sRosales_DEPCPROfavSCTLD	1254-CCInitial100OF1251254
1256-CCEarly067OF961256	AATCTTGCGCCG	sRosales_DEPCPROfavSCTLD	1256-CCEarly067OF961256
1266-CCEarly100OF611266	TGAGACCCTACA	sRosales_DEPCPROfavSCTLD	1266-CCEarly100OF611266
1279-DDEarly100OF211279	TTCCAATACTCA	sRosales_DEPCPROfavSCTLD	1279-DDEarly100OF211279
1283-DDEarly100OF971283	TTACACAAAGGC	sRosales_DEPCPROfavSCTLD	1283-DDEarly100OF971283
1290-DDInitial067GB241290	CTTATTAAACGT	sRosales_DEPCPROfavSCTLD	1290-DDInitial067GB241290
1303-DDEarly067M211303	GAACCAGTACTC	sRosales_DEPCPROfavSCTLD	1303-DDEarly067M211303
1339-DDFinal100F1A1339	GCCTCTACGTCG	sRosales_DEPCPROfavSCTLD	1339-DDFinal100F1A1339
1341-DDFinal100OF611341	CAAGTGAAGGGA	sRosales_DEPCPROfavSCTLD	1341-DDFinal100OF611341
1342-DDFinal100151111342	GTTTGAAACACG	sRosales_DEPCPROfavSCTLD	1342-DDFinal100151111342
1346-DDFinal100OF5121346	CTTGATTCTTGA	sRosales_DEPCPROfavSCTLD	1346-DDFinal100OF5121346
1350-DDFinal067M321350	AGGATCAGGGAA	sRosales_DEPCPROfavSCTLD	1350-DDFinal067M321350
1352-DDFinal100S3781352	TATGGTAATTTA	sRosales_DEPCPROfavSCTLD	1352-DDFinal100S3781352
1364-CCFinal100OF231364	AACAGTAAACAA	sRosales_DEPCPROfavSCTLD	1364-CCFinal100OF231364
1372-CCFinal067OF6571372	ACTTGGTGTAAG	sRosales_DEPCPROfavSCTLD	1372-CCFinal067OF6571372
1373-CCInitial067GB211373	ACGACGCATTTG	sRosales_DEPCPROfavSCTLD	1373-CCInitial067GB211373
1395-CCFinal100S591395	CCTCCGTCATGG	sRosales_DEPCPROfavSCTLD	1395-CCFinal100S591395
1399-CCInitial100F1A1399	AGATGTCCGTCA	sRosales_DEPCPROfavSCTLD	1399-CCInitial100F1A1399
1411-DDFinal100F1A1411	GCTCGAAGATTC	sRosales_DEPCPROfavSCTLD	1411-DDFinal100F1A1411
1415-DDFinal100S5031415	CGCACCCATACA	sRosales_DEPCPROfavSCTLD	1415-DDFinal100S5031415
1427-DHFinal067M201427	ACTACTGAGGAT	sRosales_DEPCPROfavSCTLD	1427-DHFinal067M201427
1434-CCPre100154311434	TAGCAGTTGCGT	sRosales_DEPCPROfavSCTLD	1434-CCPre100154311434
1439-CCPre100F121439	CACGTTTATTCC	sRosales_DEPCPROfavSCTLD	1439-CCPre100F121439
1448-CCPre067M131448	GAAATCTTGAAG	sRosales_DEPCPROfavSCTLD	1448-CCPre067M131448
1464-DDPre067M201464	AATAACTAGGGT	sRosales_DEPCPROfavSCTLD	1464-DDPre067M201464
1485-DDPre100S5031485	TTGAACAAGCCA	sRosales_DEPCPROfavSCTLD	1485-DDPre100S5031485
1506-CCInitial067M131506	ATTACGTATCAT	sRosales_DEPCPROfavSCTLD	1506-CCInitial067M131506
1508-CCFinal067OF6541508	TATCCAAGCGCA	sRosales_DEPCPROfavSCTLD	1508-CCFinal067OF6541508
1545-DDEarly067M201545	TATTTGATTGGT	sRosales_DEPCPROfavSCTLD	1545-DDEarly067M201545
1550-DHInitial067M211550	GTGCCATAATCG	sRosales_DEPCPROfavSCTLD	1550-DHInitial067M211550
1584-DDInitial100AE31584	AATTCACCTCCT	sRosales_DEPCPROfavSCTLD	1584-DDInitial100AE31584
1585-DDFinal100154311585	AACTCAATAGCG	sRosales_DEPCPROfavSCTLD	1585-DDFinal100154311585
1596-CCFinal067M321596	TAATCGGTGCCA	sRosales_DEPCPROfavSCTLD	1596-CCFinal067M321596
1597-DHInitial067M41597	GAGATACAGTTC	sRosales_DEPCPROfavSCTLD	1597-DHInitial067M41597
1613-MainFragNANA110MCAVBC1613	TGTCAAAGTGAC	sRosales_DEPCPROfavSCTLD	1613-MainFragNANA110MCAVBC1613
1626-DDFinal100UK361626	ACCTCAGTCAAG	sRosales_DEPCPROfavSCTLD	1626-DDFinal100UK361626
1628-DDFinal067M131628	TATTGCAGCAGC	sRosales_DEPCPROfavSCTLD	1628-DDFinal067M131628
1643-CCFinal067153491643	CACGCAGTCTAC	sRosales_DEPCPROfavSCTLD	1643-CCFinal067153491643
1646-CCFinal033GB81646	AGAGCCAAGAGC	sRosales_DEPCPROfavSCTLD	1646-CCFinal033GB81646
1651-NANANANABlank1651	TATGGTAATTTG	sRosales_DEPCPROfavSCTLD	1651-NANANANABlank1651
1652-NANANANABlank1652	ACTCTTACTTAG	sRosales_DEPCPROfavSCTLD	1652-NANANANABlank1652
Undetermined		sRosales_DEPCPROfavSCTLD	Undetermined-D1D2